,,,,,,
,(In ₹ Crores),,,,,
,,, Budget Estimates2026-2027 ,,,
,,,Revenue,Capital,Total,Page No
,Ministry of Agriculture and Farmers Welfare,,140416.57,112.21,140528.78,
,1. ,Department of Agriculture and Farmers Welfare,130451.62,109.76,130561.38,1-6       
,2. ,Department of Agricultural Research and Education,9964.95,2.45,9967.4,7-9       
,Department of Atomic Energy,,14157.51,9966.41,24123.92,
,3. ,Atomic Energy,14157.51,9966.41,24123.92,10-15     
,Ministry of AYUSH,,4381.86,27.07,4408.93,
,4. ,Ministry of Ayush,4381.86,27.07,4408.93,16-19     
,Ministry of Chemicals and Fertilisers,,177049.76,11.71,177061.47,
,5. ,Department of Chemicals and Petrochemicals,184.7,1.02,185.72,20-21     
,6. ,Department of Fertilisers,170935.64,8.89,170944.53,22-24     
,7. ,Department of Pharmaceuticals,5929.42,1.8,5931.22,25-28     
,Ministry of Civil Aviation,,2057.87,45,2102.87,
,8. ,Ministry of Civil Aviation,2057.87,45,2102.87,29-31     
,Ministry of Coal,,3633.12,2.2,3635.32,
,9. ,Ministry of Coal,3633.12,2.2,3635.32,32-33     
,Ministry of Commerce and Industry,,12677.46,5166.44,17843.9,
,10. ,Department of Commerce,5825.76,47.31,5873.07,34-37     
,11. ,Department for Promotion of Industry and Internal Trade,6851.7,5119.13,11970.83,38-42     
,Ministry of Communications,,53742.59,48524.43,102267.02,
,12. ,Department of Posts,27026.57,1249.51,28276.08,43-44     
,13. ,Department of Telecommunications,26716.02,47274.92,73990.94,45-50     
,Ministry of Consumer Affairs Food and Public Distribution,,239405.33,116.04,239521.37,
,14. ,Department of Consumer Affairs,4380.75,93.42,4474.17,51-53     
,15. ,Department of Food and Public Distribution,235024.58,22.62,235047.2,54-56     
,Ministry of Cooperation,,1742.84,1.9,1744.74,
,16. ,Ministry of Cooperation,1742.84,1.9,1744.74,57-58     
,Ministry of Corporate Affairs,,5506.24,55.62,5561.86,
,17. ,Ministry of Corporate Affairs,5506.24,55.62,5561.86,59-61     
,Ministry of Culture,,3216.63,200,3416.63,
,18. ,Ministry of Culture,3216.63,200,3416.63,62-64     
,Ministry of Defence,,553668.56,231009.72,784678.28,
,19. ,Ministry of Defence (Civil),16851.36,11703.25,28554.61,65-68     
,20. ,Defence Services (Revenue),365478.98,0,365478.98,69-71     
,21. ,Capital Outlay on Defence Services,0,219306.47,219306.47,72-73     
,22. ,Defence Pensions,171338.22,0,171338.22,74-74     
,Ministry of Development of North Eastern Region,,2247.7,4564.6,6812.3,
,23. ,Ministry of Development of North Eastern Region,2247.7,4564.6,6812.3,75-77     
,Ministry of Earth Sciences,,3073.19,716.04,3789.23,
,24. ,Ministry of Earth Sciences,3073.19,716.04,3789.23,78-80     
,Ministry of Education,,139285.95,3.53,139289.48,
,25. ,Department of School Education and Literacy,83561.41,0.85,83562.26,81-84     
,26. ,Department of Higher Education,55724.54,2.68,55727.22,85-93     
,Ministry of Electronics and Information Technology,,21234.15,398.81,21632.96,
,27. ,Ministry of Electronics and Information Technology,21234.15,398.81,21632.96,94-98     
,Ministry of Environment Forests and Climate Change,,3536.66,222.8,3759.46,
,28. ,Ministry of Environment Forests and Climate Change,3536.66,222.8,3759.46,99-103    
,Ministry of External Affairs,,20706.2,1412.77,22118.97,
,29. ,Ministry of External Affairs,20706.2,1412.77,22118.97,104-106   
,Ministry of Finance,,1722326.88,250182.6,1972509.48,
,30. ,Department of Economic Affairs,4249.65,16309.46,20559.11,107-112   
,31. ,Department of Expenditure,451.4,74.13,525.53,113-114   
,32. ,Department of Financial Services,3686.99,59.96,3746.95,115-117   
,33. ,Department of Public Enterprises,28.94,0.66,29.6,118-119   
,34. ,Department of Investment and Public Asset Management (DIPAM),54.25,1.67,55.92,120-120   
,35. ,Department of Revenue,1915.31,597.71,2513.02,121-123   
,36. ,Direct Taxes,10320.12,4984.45,15304.57,124-125   
,37. ,Indirect Taxes,26076.63,1606,27682.63,126-127   
,38. ,Indian Audit and Accounts Department,6270.19,166.65,6436.84,128-129   
,39. ,Interest Payments,1403971.79,0,1403971.79,130-131   
,40. ,Repayment of Debt,0,0,0,132-133   
,41. ,Pensions,97500,0,97500,134-135   
,42. ,Transfers to States,167801.61,226381.91,394183.52,136-138   
,Ministry of Fisheries Animal Husbandry and Dairying,,8438.22,477.04,8915.26,
,43. ,Department of Fisheries,2732.27,29.53,2761.8,139-140   
,44. ,Department of Animal Husbandry and Dairying,5705.95,447.51,6153.46,141-144   
,Ministry of Food Processing Industries,,4061.43,2.73,4064.16,
,45. ,Ministry of Food Processing Industries,4061.43,2.73,4064.16,145-146   
,Ministry of Health and Family Welfare,,103600.31,2930.11,106530.42,
,46. ,Department of Health and Family Welfare,98780.91,2928.3,101709.21,147-155   
,47. ,Department of Health Research,4819.4,1.81,4821.21,156-157   
,Ministry of Heavy Industries ,,7937.08,2.82,7939.9,
,48. ,Ministry of Heavy Industries,7937.08,2.82,7939.9,158-160   
,Ministry of Home Affairs,,228146.77,27086.76,255233.53,
,49. ,Ministry of Home Affairs,9878.54,508.81,10387.35,161-164   
,50. ,Cabinet,992.32,109.68,1102,165-166   
,51. ,Police,152530.06,21272.47,173802.53,167-172   
,52. ,Andaman and Nicobar Islands,6083.08,597.86,6680.94,173-180   
,53. ,Chandigarh,5275.15,445.02,5720.17,181-185   
,54. ,Dadra and Nagar Haveli and Daman and Diu,1732.7,1100,2832.7,186-191   
,55. ,Ladakh,2542.26,2327.05,4869.31,192-197   
,56. ,Lakshadweep,1336.49,345.86,1682.35,198-202   
,57. ,Transfers to Delhi,968.01,380,1348.01,203-203   
,58. ,Transfers to Jammu and Kashmir,43290.29,0,43290.29,204-204   
,59. ,Transfers to Puducherry,3517.87,0.01,3517.88,205-205   
,Ministry of Housing and Urban Affairs,,50714.32,34808.07,85522.39,
,60. ,Ministry of Housing and Urban Affairs,50714.32,34808.07,85522.39,206-212   
,Ministry of Information and Broadcasting,,4494.56,57.38,4551.94,
,61. ,Ministry of Information and Broadcasting,4494.56,57.38,4551.94,213-215   
,Ministry of Jal Shakti,,94330.98,476.86,94807.84,
,62. ,Department of Water Resources River Development and Ganga Rejuvenation,19437.32,475.66,19912.98,216-222   
,63. ,Department of Drinking Water and Sanitation,74893.66,1.2,74894.86,223-224   
,Ministry of Labour and Employment,,32625.33,40.98,32666.31,
,64. ,Ministry of Labour and Employment,32625.33,40.98,32666.31,225-228   
,Ministry of Law and Justice,,5193.47,319.92,5513.39,
,65. ,Law and Justice,4259.59,249.47,4509.06,229-231   
,66. ,Election Commission,367.69,14.53,382.22,232-232   
,67. ,Supreme Court of India,566.19,55.92,622.11,233-233   
,Ministry of Micro Small and Medium Enterprises,,22647.26,1919.01,24566.27,
,68. ,Ministry of Micro Small and Medium Enterprises,22647.26,1919.01,24566.27,234-238   
,Ministry of Mines,,3642.8,163.65,3806.45,
,69. ,Ministry of Mines,3642.8,163.65,3806.45,239-241   
,Ministry of Minority Affairs,,3395.62,4.38,3400,
,70. ,Ministry of Minority Affairs,3395.62,4.38,3400,242-245   
,Ministry of New and Renewable Energy,,32911.14,3.53,32914.67,
,71. ,Ministry of New and Renewable Energy,32911.14,3.53,32914.67,246-249   
,Ministry of Panchayati Raj,,1186.88,3.28,1190.16,
,72. ,Ministry of Panchayati Raj,1186.88,3.28,1190.16,250-251   
,Ministry of Parliamentary Affairs,,61.18,7.27,68.45,
,73. ,Ministry of Parliamentary Affairs,61.18,7.27,68.45,252-252   
,Ministry of Personnel Public Grievances and Pensions,,2507.22,154.79,2662.01,
,74. ,Ministry of Personnel Public Grievances and Pensions,2454.37,153.08,2607.45,253-255   
,75. ,Central Vigilance Commission,52.85,1.71,54.56,256-256   
,Ministry of Petroleum and Natural Gas,,30204.77,238.45,30443.22,
,76. ,Ministry of Petroleum and Natural Gas,30204.77,238.45,30443.22,257-260   
,Ministry of Planning,,1203.38,28.78,1232.16,
,77. ,Ministry of Planning,1203.38,28.78,1232.16,261-262   
,Ministry of Ports Shipping and Waterways,,3964.88,1199.92,5164.8,
,78. ,Ministry of Ports Shipping and Waterways,3964.88,1199.92,5164.8,263-266   
,Ministry of Power,,29635.83,361.02,29996.85,
,79. ,Ministry of Power,29635.83,361.02,29996.85,267-271   
,The President Parliament Union Public Service Commission and the Secretariat  of the Vice President,,2015.07,68.76,2083.83,
,80. ,Staff Household and Allowances of the President,133.1,4.1,137.2,272-272   
,81. ,Lok Sabha,978.17,30.83,1009,273-273   
,82. ,Rajya Sabha,471.32,11.67,482.99,274-275   
,83. ,Secretariat of the Vice-President,11.39,0.31,11.7,276-276   
,84. ,Union Public Service Commission,421.09,21.85,442.94,277-277   
,Ministry of Railways,,3547.32,277830,281377.32,
,85. ,Ministry of Railways,3547.32,277830,281377.32,278-283   
,Ministry of Road Transport and Highways,,15707.85,294167.45,309875.3,
,86. ,Ministry of Road Transport and Highways,15707.85,294167.45,309875.3,284-287   
,Ministry of Rural Development,,197017.51,5.63,197023.14,
,87. ,Department of Rural Development,194364.18,4.63,194368.81,288-292   
,88. ,Department of Land Resources,2653.33,1,2654.33,293-294   
,Ministry of Science and Technology,,18170.23,20090.71,38260.94,
,89. ,Department of Science and Technology,7963.94,20085.38,28049.32,295-297   
,90. ,Department of Biotechnology,3446,0,3446,298-299   
,91. ,Department of Scientific and Industrial Research,6760.29,5.33,6765.62,300-301   
,Ministry of Skill Development and Entrepreneurship,,9759.51,126.29,9885.8,
,92. ,Ministry of Skill Development and Entrepreneurship,9759.51,126.29,9885.8,302-304   
,Ministry of Social Justice and Empowerment,,15346.37,10.94,15357.31,
,93. ,Department of Social Justice and Empowerment,13678.02,9.57,13687.59,305-311   
,94. ,Department of Empowerment of Persons with Disabilities,1668.35,1.37,1669.72,312-314   
,Department of Space,,7329.71,6375.92,13705.63,
,95. ,Department of Space,7329.71,6375.92,13705.63,315-317   
,Ministry of Statistics and Programme Implementation,,5457.75,45.14,5502.89,
,96. ,Ministry of Statistics and Programme Implementation,5457.75,45.14,5502.89,318-319   
,Ministry of Steel,,439.84,3.34,443.18,
,97. ,Ministry of Steel,439.84,3.34,443.18,320-321   
,Ministry of Textiles,,5269.52,9.49,5279.01,
,98. ,Ministry of Textiles,5269.52,9.49,5279.01,322-326   
,Ministry of Tourism,,2433.87,4.53,2438.4,
,99. ,Ministry of Tourism,2433.87,4.53,2438.4,327-329   
,Ministry of Tribal Affairs,,15389.54,32.43,15421.97,
,100. ,Ministry of Tribal Affairs,15389.54,32.43,15421.97,330-333   
,Ministry of Women and Child Development,,28177.42,5.64,28183.06,
,101. ,Ministry of Women and Child Development,28177.42,5.64,28183.06,334-337   
,Ministry of Youth Affairs and Sports,,4461.51,18.37,4479.88,
,102. ,Ministry of Youth Affairs and Sports,4461.51,18.37,4479.88,338-341